{
    "4":{
        "up_cferr1":1.218224,
        "down_cferr1":0.766991,
        "up_cferr2":1.115164,
        "down_cferr2":0.878160,
        "central":1.000000,
        "up_hf":1.00,
        "down_hf":1.00,
        "up_lf":1.00,
        "down_lf":1.00,
        "up_hfstats1":1.00,
        "down_hfstats1":1.00,
        "up_hfstats2":1.00,
        "down_hfstats2":1.00,
        "up_lfstats1":1.00,
        "down_lfstats1":1.00,
        "up_lfstats2":1.00,
        "down_lfstats2":1.00
    },
    "5":{
        "up_hf":0.999222,
        "down_hf":0.999685,
        "up_lf":1.000490,
        "down_lf":0.991081,
        "up_hfstats1":0.999716,
        "down_hfstats1":1.000083,
        "up_hfstats2":0.998542,
        "down_hfstats2":1.001386,
        "up_lfstats1":0.995250,
        "down_lfstats1":1.004660,
        "up_lfstats2":0.996340,
        "down_lfstats2":1.003575,
        "central":1.0000,
        "up_cferr1":1.000,
        "down_cferr1":1.000,
        "up_cferr2":1.000,
        "down_cferr2":1.000
    },
    "0":{
        "up_hf":0.993935,
        "down_hf":1.003114,
        "up_lf":0.998895,
        "down_lf":1.000318,
        "up_hfstats1":1.000002,
        "down_hfstats1":0.999982,
        "up_hfstats2":0.999786,
        "down_hfstats2":1.000200,
        "up_lfstats1":0.991929,
        "down_lfstats1":1.008006,
        "up_lfstats2":0.993474,
        "down_lfstats2":1.006459,
        "central":1.0000,
        "up_cferr1":1.000,
        "down_cferr1":1.000,
        "up_cferr2":1.000,
        "down_cferr2":1.000
    }
}
