{
    "4":{
        "up_cferr1":1.218640,
        "down_cferr1":0.766472,
        "up_cferr2":1.115522,
        "down_cferr2":0.877739,
        "central":1.000000,
        "up_hf":1.00,
        "down_hf":1.00,
        "up_lf":1.00,
        "down_lf":1.00,
        "up_hfstats1":1.00,
        "down_hfstats1":1.00,
        "up_hfstats2":1.00,
        "down_hfstats2":1.00,
        "up_lfstats1":1.00,
        "down_lfstats1":1.00,
        "up_lfstats2":1.00,
        "down_lfstats2":1.00
    },
    "5":{
        "up_hf":0.995648,
        "down_hf":0.996288,
        "up_lf":0.989351,
        "down_lf":0.995581,
        "up_hfstats1":0.997460,
        "down_hfstats1":0.995381,
        "up_hfstats2":0.995084,
        "down_hfstats2":0.997890,
        "up_lfstats1":0.991512,
        "down_lfstats1":1.001446,
        "up_lfstats2":0.992656,
        "down_lfstats2":1.000303,
        "central":0.996528,
        "up_cferr1":1.000,
        "down_cferr1":1.000,
        "up_cferr2":1.000,
        "down_cferr2":1.000
    },
    "0":{
        "up_hf":1.017962,
        "down_hf":1.034523,
        "up_lf":1.026351,
        "down_lf":1.028164,
        "up_hfstats1":1.027674,
        "down_hfstats1":1.027616,
        "up_hfstats2":1.027423,
        "down_hfstats2":1.027869,
        "up_lfstats1":1.020160,
        "down_lfstats1":1.035063,
        "up_lfstats2":1.021214,
        "down_lfstats2":1.034045,
        "central":1.027653,
        "up_cferr1":1.000,
        "down_cferr1":1.000,
        "up_cferr2":1.000,
        "down_cferr2":1.000
    }
}

