{"0": {"central": 1.0,
    "up_Extrap": 1.0299657925151033,
    "down_Extrap": 0.9700342081687199,
    "up_Interp": 1.0110429634676068,
    "down_Interp": 0.9889570436118643,
    "up_LHEScaleWeight_muF": 1.0005661792281115,
    "down_LHEScaleWeight_muF": 0.9915922277341904,
    "up_LHEScaleWeight_muR": 0.9967230141999275,
    "down_LHEScaleWeight_muR": 0.9954396141278394,
    "up_PSWeightFSR": 0.9953141349867561,
    "down_PSWeightFSR": 0.9971403557724692,
    "up_PSWeightISR": 0.9959878915365448,
    "down_PSWeightISR": 0.9960864429660939,
    "up_PUWeight": 0.9992881293629363,
    "down_PUWeight": 0.993174631027876,
    "up_Stat": 1.0055055899987966,
    "down_Stat": 0.9942234812487645,
    "up_XSec_BRUnc_DYJets_b": 0.9967464049007373,
    "down_XSec_BRUnc_DYJets_b": 0.9953118657174039,
    "up_XSec_BRUnc_DYJets_c": 0.9975606756496317,
    "down_XSec_BRUnc_DYJets_c": 0.9944381267315812,
    "up_XSec_BRUnc_WJets_c": 0.9960204130777336,
    "down_XSec_BRUnc_WJets_c": 0.996068091717905,
    "up_jer": 1.0205182494885605,
    "down_jer": 0.9880975027280021,
    "up_jesTotal": 0.9667253119705664,
    "down_jesTotal": 1.023021185082334},
 "4": {"central": 1.0,
    "up_Extrap": 1.0480650231419821,
    "down_Extrap": 0.951934975972872,
    "up_Interp": 1.009088682490045,
    "down_Interp": 0.9909113179096812,
    "up_LHEScaleWeight_muF": 1.0095209382013508,
    "down_LHEScaleWeight_muF": 1.0177285513300656,
    "up_LHEScaleWeight_muR": 1.0139041263244548,
    "down_LHEScaleWeight_muR": 1.0148532597496476,
    "up_PSWeightFSR": 1.014169056705419,
    "down_PSWeightFSR": 1.0141310632345757,
    "up_PSWeightISR": 1.0139091817410868,
    "down_PSWeightISR": 1.0139105175457646,
    "up_PUWeight": 1.0119978877688927,
    "down_PUWeight": 1.0149526646299476,
    "up_Stat": 1.0819434490530957,
    "down_Stat": 0.9296995051781589,
    "up_XSec_BRUnc_DYJets_b": 1.0140227303222882,
    "down_XSec_BRUnc_DYJets_b": 1.0136767329706462,
    "up_XSec_BRUnc_DYJets_c": 1.013864728400512,
    "down_XSec_BRUnc_DYJets_c": 1.0145099293500737,
    "up_XSec_BRUnc_WJets_c": 1.0158300840313728,
    "down_XSec_BRUnc_WJets_c": 1.0131082700998235,
    "up_jer": 1.0022184456750876,
    "down_jer": 0.9982749984680294,
    "up_jesTotal": 0.9231258007531807,
    "down_jesTotal": 1.0687605945927408},
 "5": {"central": 1.0,
    "up_Extrap": 1.0214677030694093,
    "down_Extrap": 0.9786268080027963,
    "up_Interp": 1.005539297082543,
    "down_Interp": 0.9944607038163461,
    "up_LHEScaleWeight_muF": 1.0051072682425393,
    "down_LHEScaleWeight_muF": 1.0089330592489607,
    "up_LHEScaleWeight_muR": 1.0085988299215922,
    "down_LHEScaleWeight_muR": 1.0041934146728244,
    "up_PSWeightFSR": 1.0087487661027303,
    "down_PSWeightFSR": 1.0030975553671475,
    "up_PSWeightISR": 1.0057282357755537,
    "down_PSWeightISR": 1.0052206149623175,
    "up_PUWeight": 1.0049684910724088,
    "down_PUWeight": 1.0064035149083177,
    "up_Stat": 1.029863664557291,
    "down_Stat": 0.9760643975576522,
    "up_XSec_BRUnc_DYJets_b": 1.0049522766839831,
    "down_XSec_BRUnc_DYJets_b": 1.001382348915823,
    "up_XSec_BRUnc_DYJets_c": 1.0074974847094582,
    "down_XSec_BRUnc_DYJets_c": 1.0007747995029215,
    "up_XSec_BRUnc_WJets_c": 1.0085249545941963,
    "down_XSec_BRUnc_WJets_c": 1.0044178033187992,
    "up_jer": 1.0012179771448655,
    "down_jer": 0.9986233697044754,
    "up_jesTotal": 0.9064635951929987,
    "down_jesTotal": 1.0864769990668832}}