{
    "4":{
        "up_Extrap": 1.074153,
        "down_Extrap": 0.979258,
        "up_Interp": 1.036294,
        "down_Interp": 1.017117,
        "up_LHEScaleWeight_muF": 1.043207,
        "down_LHEScaleWeight_muF": 1.051698,
        "up_LHEScaleWeight_muR": 1.047524,
        "down_LHEScaleWeight_muR": 1.048714,
        "up_PSWeightFSR": 1.048031,
        "down_PSWeightFSR": 1.048031,
        "up_PSWeightISR": 1.047826,
        "down_PSWeightISR": 1.047826,
        "up_PUWeight": 1.044394,
        "down_PUWeight": 1.049514,
        "up_Stat": 1.110103,
        "down_Stat": 0.951099,
        "up_XSec_BRUnc_DYJets_b": 1.047847,
        "down_XSec_BRUnc_DYJets_b": 1.047399,
        "up_XSec_BRUnc_DYJets_c": 1.046892,
        "down_XSec_BRUnc_DYJets_c": 1.048460,
        "up_XSec_BRUnc_WJets_c": 1.050101,
        "down_XSec_BRUnc_WJets_c": 1.046057,
        "up_jer": 1.026706,
        "down_jer": 1.027774,
        "up_jesTotal": 0.956176,
        "down_jesTotal": 1.089229,
        "central": 1.026706
    },
    "5":{
        "up_Extrap": 1.039676,
        "down_Extrap": 0.999843,
        "up_Interp": 1.026976,
        "down_Interp": 1.012492,
        "up_LHEScaleWeight_muF": 1.030236,
        "down_LHEScaleWeight_muF": 1.031847,
        "up_LHEScaleWeight_muR": 1.030779,
        "down_LHEScaleWeight_muR": 1.029525,
        "up_PSWeightFSR": 1.037244,
        "down_PSWeightFSR": 1.037244,
        "up_PSWeightISR": 1.029919,
        "down_PSWeightISR": 1.029919,
        "up_PUWeight": 1.027167,
        "down_PUWeight": 1.032411,
        "up_Stat": 1.052716,
        "down_Stat": 0.991721,
        "up_XSec_BRUnc_DYJets_b": 1.029015,
        "down_XSec_BRUnc_DYJets_b": 1.025873,
        "up_XSec_BRUnc_DYJets_c": 1.031383,
        "down_XSec_BRUnc_DYJets_c": 1.025431,
        "up_XSec_BRUnc_WJets_c": 1.030863,
        "down_XSec_BRUnc_WJets_c": 1.030218,
        "up_jer": 1.020564,
        "down_jer": 1.018764,
        "up_jesTotal": 0.930381,
        "down_jesTotal": 1.101764,
        "central": 1.019734
    },
    "0":{
        "up_Extrap": 1.042348,
        "down_Extrap": 0.984889,
        "up_Interp": 1.023936,
        "down_Interp": 1.003301,
        "up_LHEScaleWeight_muF": 1.011690,
        "down_LHEScaleWeight_muF": 1.005650,
        "up_LHEScaleWeight_muR": 1.009061,
        "down_LHEScaleWeight_muR": 1.007496,
        "up_PSWeightFSR": 1.007306,
        "down_PSWeightFSR": 1.007306,
        "up_PSWeightISR": 1.008157,
        "down_PSWeightISR": 1.008157,
        "up_PUWeight": 1.011096,
        "down_PUWeight": 1.005700,
        "up_Stat": 1.025364,
        "down_Stat": 1.001234,
        "up_XSec_BRUnc_DYJets_b": 1.008678,
        "down_XSec_BRUnc_DYJets_b": 1.007748,
        "up_XSec_BRUnc_DYJets_c": 1.007514,
        "down_XSec_BRUnc_DYJets_c": 1.008805,
        "up_XSec_BRUnc_WJets_c": 1.008238,
        "down_XSec_BRUnc_WJets_c": 1.008182,
        "up_jer": 1.026106,
        "down_jer": 1.011989,
        "up_jesTotal": 0.985286,
        "down_jesTotal": 1.031709,
        "central": 1.013619
    }
}
